groserias,palabras_repetidas,caracteres_especiales,caracteres_especiales_repitidos,cantidad_numeros,palabras,tiempo_desde_ultimo_reporte_min,contiene_url,porcentaje_groserias,palabras_claves,cluster,distancia_centroide,nivel_riesgo
0,4,1,0,2,17,86,0,0.0,3,0,2.713053997664167,bajo
0,1,0,0,2,15,62,0,0.0,3,0,0.8599179965809957,bajo
0,1,2,0,1,8,177,0,0.0,2,0,1.1143966052586467,bajo
0,4,1,0,1,19,48,0,0.0,5,0,3.7188509192589763,bajo
0,2,0,0,0,8,214,0,0.0,0,0,3.084348542691248,bajo
0,0,0,0,2,15,200,0,0.0,6,0,3.679748897574681,bajo
0,2,0,0,1,13,42,0,0.0,3,0,0.7580400681758138,bajo
0,0,1,0,2,6,67,0,0.0,1,0,2.487933339581728,bajo
0,4,2,0,0,16,33,0,0.0,6,0,4.284245719902049,bajo
0,0,1,0,2,3,6,0,0.0,2,0,2.224462676782542,bajo
0,0,2,0,2,10,46,0,0.0,6,0,3.609360126026734,bajo
0,1,2,0,0,5,173,0,0.0,0,0,3.221556259414302,bajo
0,2,1,0,2,10,31,0,0.0,0,0,3.0215322582190764,bajo
6,3,7,6,2,9,26,0,66.666667,1,1,6.726087428460236,medio
6,0,0,3,1,13,368,0,46.153846,3,1,7.8991230400943175,medio
0,0,2,0,1,12,224,0,0.0,6,0,3.6038320453087427,bajo
0,0,0,0,2,19,86,0,0.0,3,0,1.999322338809576,bajo
0,1,0,0,2,5,43,0,0.0,2,0,1.549139781745662,bajo
0,2,0,0,0,14,166,0,0.0,0,0,3.0648948770111244,bajo
0,1,0,0,1,8,108,0,0.0,3,0,0.7719340025266096,bajo
0,1,0,0,2,6,129,0,0.0,5,0,2.580589095789776,bajo
0,0,0,0,1,15,160,0,0.0,0,0,3.2820970669819762,bajo
0,4,0,0,2,17,152,0,0.0,0,0,4.002174172645315,bajo
0,0,0,0,1,5,180,0,0.0,1,0,2.5835574494561393,bajo
0,1,1,0,2,7,57,0,0.0,0,0,3.084724424662568,bajo
0,1,0,0,2,4,140,0,0.0,3,0,1.5144549095368405,bajo
0,1,2,0,2,8,200,0,0.0,3,0,0.7680175192537818,bajo
4,5,8,6,5,7,156,1,57.142857,0,1,4.704010098066344,medio
6,7,14,0,1,8,120,0,75.0,3,1,8.080573417847823,medio
2,2,2,5,0,3,183,0,66.666667,0,1,7.230944248330371,medio
0,1,0,0,0,10,198,0,0.0,0,0,2.97809829805218,bajo
0,3,2,0,0,17,4,0,0.0,6,0,3.8917394009943806,bajo
0,1,1,0,1,4,173,0,0.0,4,0,1.9617120382969124,bajo
0,3,0,0,1,16,104,0,0.0,4,0,2.2127934194669296,bajo
0,0,0,0,1,19,96,0,0.0,4,0,2.3605329120979692,bajo
0,0,1,0,0,12,41,0,0.0,4,0,1.7729454345091553,bajo
0,1,2,0,1,19,11,0,0.0,0,0,3.3513964132615923,bajo
0,1,2,0,2,3,14,0,0.0,1,0,2.5387241886860537,bajo
1,5,7,7,1,10,92,0,10.0,0,0,5.526533378916591,medio
0,4,0,0,2,19,22,0,0.0,5,0,3.7215504196677585,bajo
0,0,2,0,2,17,163,0,0.0,2,0,1.8843045577670998,bajo
0,2,2,0,0,18,23,0,0.0,5,0,2.7686812975909803,bajo
0,3,1,0,0,13,56,0,0.0,6,0,3.7305466796393927,bajo
2,1,14,1,4,6,287,1,33.333333,3,1,8.107317779872023,medio
0,0,2,0,0,11,115,0,0.0,3,0,1.249821143876037,bajo
0,1,1,0,1,6,180,0,0.0,4,0,1.6845397595938303,bajo
3,11,2,0,0,12,81,1,25.0,0,1,10.554072627356646,alto
0,2,1,0,2,8,134,0,0.0,4,0,1.5592612460677195,bajo
0,0,1,0,2,4,37,0,0.0,4,0,2.2900579839722597,bajo
0,1,2,0,0,14,61,0,0.0,0,0,3.0177601514533756,bajo
0,2,1,0,1,11,146,0,0.0,6,0,3.4405903405518776,bajo
0,0,0,0,2,13,91,0,0.0,1,0,2.284932292014678,bajo
0,3,2,0,2,19,19,0,0.0,2,0,2.3420731728914004,bajo
0,2,0,0,2,11,176,0,0.0,6,0,3.44350798720648,bajo
0,1,2,0,0,8,67,0,0.0,2,0,1.1143966052586467,bajo
0,0,1,0,2,18,119,0,0.0,3,0,1.8413076862430293,bajo
0,1,2,0,1,7,38,0,0.0,5,0,2.503883888788259,bajo
0,3,1,0,2,18,99,0,0.0,2,0,2.2100819266507465,bajo
0,0,2,0,1,14,108,0,0.0,5,0,2.691241973661909,bajo
0,4,1,0,2,19,80,0,0.0,0,0,4.13400490799535,bajo
0,0,0,0,2,8,12,0,0.0,2,0,1.6260265794088598,bajo
0,1,0,0,0,19,34,0,0.0,3,0,1.6128355048506744,bajo
0,0,0,0,0,5,42,0,0.0,1,0,2.5835574494561393,bajo
0,0,0,0,1,14,130,0,0.0,5,0,2.6923622629905632,bajo
0,3,2,0,0,17,203,0,0.0,5,0,3.0194536514881958,bajo
0,4,0,0,0,18,169,0,0.0,2,0,2.9221002086916346,bajo
0,0,0,0,2,5,154,0,0.0,5,0,2.918966076549578,bajo
0,4,1,0,2,18,105,0,0.0,2,0,2.9186613820688,bajo
0,3,2,0,1,18,100,0,0.0,1,0,2.788799002632755,bajo
0,1,1,0,1,12,178,0,0.0,6,0,3.4025725253046724,bajo
0,2,2,0,0,17,111,0,0.0,3,0,1.3353637762002004,bajo
0,1,2,0,1,11,233,0,0.0,0,0,2.966926387764836,bajo
0,2,0,0,2,15,9,0,0.0,4,0,1.610887288587168,bajo
0,0,1,0,2,8,206,0,0.0,1,0,2.3457963792676875,bajo
0,1,1,0,0,13,84,0,0.0,4,0,1.359666176708703,bajo
0,3,1,0,0,17,1,0,0.0,1,0,2.6939659092123924,bajo
0,1,2,0,0,6,16,0,0.0,5,0,2.579420261790055,bajo
0,2,1,0,1,11,74,0,0.0,4,0,1.4168437339846152,bajo
0,0,0,0,0,4,127,0,0.0,4,0,2.294439133298382,bajo
0,4,2,0,1,16,97,0,0.0,3,0,2.636232131072089,bajo
0,0,2,0,1,8,60,0,0.0,5,0,2.7133758837419184,bajo
0,0,0,0,0,3,239,0,0.0,3,0,2.07756845444939,bajo
0,0,0,0,1,6,38,0,0.0,1,0,2.4919666267143765,bajo
0,2,1,0,1,8,104,0,0.0,1,0,2.0946079072901562,bajo
0,1,0,0,2,3,1,0,0.0,3,0,1.70887074823322,bajo
0,0,1,0,1,5,57,0,0.0,1,0,2.57966736774034,bajo
2,4,14,0,0,9,109,1,22.222222,1,1,8.927244689354813,medio
0,1,2,0,2,5,183,0,0.0,1,0,2.2962331004295344,bajo
0,1,2,0,2,15,129,0,0.0,6,0,3.4840306121028846,bajo
0,1,2,0,2,5,89,0,0.0,2,0,1.5471919302436203,bajo
0,1,2,0,2,6,41,0,0.0,3,0,1.1300011323435184,bajo
0,1,2,0,2,15,16,0,0.0,0,0,3.0610583976722188,bajo
0,0,2,0,0,15,139,0,0.0,3,0,1.4592735231011071,bajo
0,2,1,0,1,10,187,0,0.0,5,0,2.422707734705562,bajo
0,0,0,0,1,19,24,0,0.0,6,0,3.9245804048414064,bajo
0,0,1,0,2,19,203,0,0.0,2,0,2.1515653213273165,bajo
0,2,0,0,0,12,145,0,0.0,2,0,1.0607759338316398,bajo
0,4,1,0,0,18,38,0,0.0,1,0,3.37601360270912,bajo
0,0,0,0,2,9,227,0,0.0,1,0,2.3023174837989893,bajo
0,0,2,0,2,5,92,0,0.0,3,0,1.7713908190559697,bajo
0,2,0,0,0,10,67,0,0.0,4,0,1.4449628441788325,bajo
0,0,0,0,0,16,68,0,0.0,4,0,2.0135628805867465,bajo
2,2,1,3,2,4,334,0,50.0,3,1,7.379041902253169,medio
0,0,2,0,1,5,114,0,0.0,1,0,2.582389958984563,bajo
0,0,2,0,1,6,92,0,0.0,0,0,3.362975580545516,bajo
0,3,1,0,2,13,53,0,0.0,4,0,2.0215743379853928,bajo
0,2,0,0,0,10,94,0,0.0,6,0,3.452264958838588,bajo
3,2,12,2,0,8,229,1,37.5,0,1,6.368653160247118,medio
0,2,0,0,2,15,59,0,0.0,2,0,1.2931206153442356,bajo
6,5,1,2,3,10,54,0,60.0,0,1,7.049164270331758,medio
0,3,1,0,2,16,104,0,0.0,2,0,1.9883592281267353,bajo
0,1,2,0,1,8,201,0,0.0,6,0,3.4633643252598882,bajo
4,8,12,6,3,10,127,1,40.0,0,1,7.12040302159147,medio
0,2,2,0,1,17,83,0,0.0,4,0,1.832490717417795,bajo
0,0,1,0,1,17,86,0,0.0,1,0,2.532870521135891,bajo
0,0,0,0,0,12,120,0,0.0,5,0,2.6391478536458526,bajo
0,0,0,0,2,8,225,0,0.0,0,0,3.2601509628396914,bajo
1,6,9,0,4,7,243,1,14.285714,3,0,10.495763174410136,alto
0,2,2,0,2,8,101,0,0.0,1,0,2.097960070488084,bajo
0,3,1,0,1,12,17,0,0.0,1,0,2.4375072120303565,bajo
0,0,2,0,2,5,167,0,0.0,4,0,2.1708641708938186,bajo
0,1,0,0,0,14,235,0,0.0,0,0,3.0187592693151135,bajo
0,3,1,0,2,15,41,0,0.0,3,0,1.7197221538095486,bajo
0,0,0,0,2,7,134,0,0.0,3,0,1.514929319747312,bajo
0,2,0,0,2,13,161,0,0.0,6,0,3.4611654517751873,bajo
0,2,0,0,2,19,45,0,0.0,3,0,1.6976193468384038,bajo
0,0,0,0,1,5,75,0,0.0,1,0,2.5835574494561393,bajo
0,4,2,0,0,16,223,0,0.0,4,0,2.9196824593663626,bajo
0,3,1,0,1,17,169,0,0.0,5,0,3.0171254832050787,bajo
0,2,0,0,2,13,166,0,0.0,5,0,2.4394940198318653,bajo
0,0,1,0,1,7,69,0,0.0,4,0,1.9620783093467098,bajo
0,0,1,0,0,10,225,0,0.0,2,0,1.5034672233211217,bajo
0,1,1,0,0,15,168,0,0.0,1,0,2.061622191580322,bajo
2,2,10,7,0,2,171,0,100.0,2,1,9.515829246953183,medio
0,2,1,0,0,19,52,0,0.0,1,0,2.5283865501011955,bajo
0,1,0,0,2,12,110,0,0.0,5,0,2.3598834599715826,bajo
0,1,2,0,0,5,188,0,0.0,0,0,3.221556259414302,bajo
0,1,1,0,0,6,228,0,0.0,3,0,1.1237652722066624,bajo
0,1,2,0,0,17,104,0,0.0,4,0,1.7542374834580599,bajo
0,0,1,0,0,17,136,0,0.0,6,0,3.780153720421013,bajo
0,2,1,0,1,19,147,0,0.0,4,0,2.1063361305686317,bajo
0,0,1,0,2,7,39,0,0.0,0,0,3.303267507312399,bajo
0,2,0,0,2,17,45,0,0.0,1,0,2.306542883969902,bajo
0,1,2,0,0,10,185,0,0.0,6,0,3.4104880985858403,bajo
0,0,1,0,2,4,140,0,0.0,4,0,2.2900579839722597,bajo
3,0,1,4,5,9,202,0,33.333333,0,1,7.892066608860023,medio
0,1,2,0,2,4,211,0,0.0,2,0,1.714517822180768,bajo
0,0,1,0,1,17,186,0,0.0,0,0,3.3942851026250636,bajo
0,4,1,0,1,18,230,0,0.0,4,0,3.072683061085738,bajo
0,0,0,0,2,9,22,0,0.0,3,0,1.3303207619886248,bajo
0,1,1,0,1,8,60,0,0.0,4,0,1.4665001031147389,bajo
0,1,0,0,0,19,147,0,0.0,2,0,1.8036815821087138,bajo
3,5,10,7,4,7,100,0,42.857143,3,1,6.753854379004097,medio
0,1,0,0,1,16,232,0,0.0,3,0,1.0409410217135289,bajo
3,1,6,0,2,8,376,0,37.5,0,1,7.2241290533353,medio
0,1,1,0,0,6,125,0,0.0,6,0,3.559197933048942,bajo
0,1,1,0,1,4,126,0,0.0,3,0,1.5078091081314973,bajo
0,1,0,0,1,4,64,0,0.0,1,0,2.413397219574257,bajo
0,4,0,0,2,17,28,0,0.0,3,0,2.7167530915961904,bajo
0,1,1,0,2,6,17,0,0.0,3,0,1.1237652722066624,bajo
0,4,2,0,0,16,228,0,0.0,4,0,2.9196824593663626,bajo
0,2,0,0,1,8,58,0,0.0,3,0,0.9362452591654976,bajo
0,3,1,0,0,13,73,0,0.0,6,0,3.7305466796393927,bajo
0,2,1,0,0,11,209,0,0.0,5,0,2.4102129946816278,bajo
0,3,1,0,0,15,89,0,0.0,2,0,1.8998613555295596,bajo
0,0,1,0,2,6,165,0,0.0,3,0,1.6306133311652329,bajo
0,2,1,0,2,11,83,0,0.0,1,0,1.9908623303295623,bajo
0,4,2,0,0,19,211,0,0.0,3,0,2.9098797232734226,bajo
0,0,1,0,1,13,15,0,0.0,3,0,1.29225297299213,bajo
0,1,2,0,1,15,200,0,0.0,2,0,1.1770542257683447,bajo
0,2,2,0,2,8,5,0,0.0,5,0,2.499405993185039,bajo
0,1,1,0,2,9,209,0,0.0,6,0,3.429089974638773,bajo
0,1,0,0,0,6,143,0,0.0,4,0,1.6904909251777656,bajo
4,2,0,7,4,14,304,0,28.571429,2,1,7.561650001756717,medio
0,3,2,0,1,13,78,0,0.0,5,0,2.811138112807998,bajo
0,1,2,0,0,13,145,0,0.0,4,0,1.3648246349497,bajo
0,0,0,0,0,13,5,0,0.0,6,0,3.618707594192308,bajo
0,0,2,0,2,10,238,0,0.0,5,0,2.6455519854247846,bajo
0,1,2,0,0,11,209,0,0.0,2,0,0.9044502898749078,bajo
0,2,2,0,1,13,205,0,0.0,2,0,1.1048178286555828,bajo
0,2,0,0,0,15,173,0,0.0,4,0,1.610887288587168,bajo
0,0,1,0,0,5,109,0,0.0,0,0,3.4293471695422753,bajo
0,1,0,0,0,3,164,0,0.0,2,0,1.8900444751641239,bajo
0,4,2,0,2,16,29,0,0.0,6,0,4.284245719902049,bajo
0,2,0,0,2,18,35,0,0.0,2,0,1.7167265006697818,bajo
0,1,1,0,0,5,163,0,0.0,5,0,2.66537542211885,bajo
0,3,1,0,1,15,106,0,0.0,4,0,2.128912891815463,bajo
0,1,0,0,0,9,158,0,0.0,5,0,2.3979591758112506,bajo
2,2,2,7,5,10,228,1,20.0,2,1,9.202761370920774,medio
0,1,0,0,1,8,59,0,0.0,2,0,1.1170993636145417,bajo
3,3,12,7,0,12,111,1,25.0,3,1,7.7858973955642865,medio
0,4,1,0,0,16,221,0,0.0,4,0,2.9172746684965563,bajo
0,1,2,0,1,11,131,0,0.0,2,0,0.9044502898749078,bajo
0,1,2,0,2,11,192,0,0.0,4,0,1.3194041297336718,bajo
0,1,2,0,2,3,95,0,0.0,3,0,1.7071051636589782,bajo
0,0,2,0,2,16,23,0,0.0,3,0,1.5727614139042354,bajo
0,1,2,0,0,7,133,0,0.0,6,0,3.5068461244115228,bajo
0,2,0,0,1,8,18,0,0.0,5,0,2.500612227664519,bajo
0,2,2,0,0,12,52,0,0.0,3,0,0.6835096952414845,bajo
0,1,2,0,2,6,104,0,0.0,3,0,1.1300011323435184,bajo
0,1,2,0,0,14,216,0,0.0,3,0,0.6857299644963352,bajo
0,1,1,0,2,19,135,0,0.0,1,0,2.47225918254529,bajo
0,0,1,0,1,9,96,0,0.0,2,0,1.5497408968125352,bajo
0,1,1,0,2,4,145,0,0.0,0,0,3.303049962391737,bajo
0,1,2,0,1,3,211,0,0.0,1,0,2.5387241886860537,bajo
0,3,2,0,0,13,211,0,0.0,5,0,2.811138112807998,bajo
0,1,0,0,1,8,127,0,0.0,4,0,1.4733322500004802,bajo
2,1,9,1,2,12,126,0,16.666667,3,0,5.2947327100348485,medio
0,0,1,0,2,13,5,0,0.0,3,0,1.29225297299213,bajo
0,1,1,0,1,3,64,0,0.0,1,0,2.5359547184718703,bajo
0,0,1,0,1,15,173,0,0.0,6,0,3.6770187085118486,bajo
0,0,2,0,1,5,235,0,0.0,4,0,2.1708641708938186,bajo
5,0,6,0,2,10,223,1,50.0,1,1,5.761547738957197,medio
0,1,2,0,0,19,54,0,0.0,2,0,1.8020088943349237,bajo
0,0,2,0,2,15,44,0,0.0,5,0,2.7397053752291245,bajo
0,1,0,0,2,17,127,0,0.0,3,0,1.2282322777514678,bajo
0,1,0,0,0,17,100,0,0.0,3,0,1.2282322777514678,bajo
0,1,1,0,2,9,112,0,0.0,5,0,2.393767499654349,bajo
1,3,0,2,3,5,109,1,20.0,1,0,10.140906960559478,alto
0,1,1,0,1,18,235,0,0.0,2,0,1.626773318748761,bajo
0,2,1,0,0,9,99,0,0.0,0,0,3.0448218902114568,bajo
0,1,0,0,0,7,63,0,0.0,2,0,1.2453867989525398,bajo
1,0,8,5,5,1,152,0,100.0,1,1,11.10900373329774,alto
0,2,2,0,1,12,69,0,0.0,0,0,3.0172564112088422,bajo
0,0,1,0,1,5,40,0,0.0,5,0,2.9155235532561385,bajo
0,3,2,0,2,15,123,0,0.0,0,0,3.4070734077614215,bajo
0,1,2,0,2,11,33,0,0.0,6,0,3.4016235803694808,bajo
0,3,0,0,0,18,209,0,0.0,1,0,2.7898801177580133,bajo
1,2,8,4,3,6,369,1,16.666667,1,0,9.933853577124038,alto
0,0,2,0,1,3,168,0,0.0,1,0,2.800209269853902,bajo
0,2,2,0,2,13,79,0,0.0,2,0,1.1048178286555828,bajo
6,0,2,5,1,12,110,1,50.0,1,1,6.927380278515771,medio
0,0,0,0,0,18,36,0,0.0,3,0,1.846753736120113,bajo
0,0,1,0,1,11,196,0,0.0,6,0,3.599033239524446,bajo
0,2,1,0,2,8,119,0,0.0,4,0,1.5592612460677195,bajo
0,0,0,0,0,5,164,0,0.0,3,0,1.7730923913354877,bajo
0,1,2,0,2,12,74,0,0.0,3,0,0.4318708399926868,bajo
2,0,11,1,2,9,25,1,22.222222,2,1,9.314200425886119,medio
0,2,0,0,1,10,29,0,0.0,5,0,2.4268494255429394,bajo
0,0,2,0,0,7,96,0,0.0,3,0,1.5129374241699607,bajo
0,2,1,0,1,17,44,0,0.0,6,0,3.6296258460494086,bajo
0,2,0,0,2,10,37,0,0.0,2,0,1.079407564525058,bajo
0,1,0,0,0,8,56,0,0.0,3,0,0.7719340025266096,bajo
0,0,1,0,0,9,94,0,0.0,3,0,1.3227501515108806,bajo
0,1,0,0,1,19,102,0,0.0,0,0,3.3522960956930232,bajo
0,2,2,0,1,12,18,0,0.0,2,0,1.0579292922593504,bajo
0,1,0,0,1,9,84,0,0.0,3,0,0.6113116071382358,bajo
0,1,0,0,2,15,40,0,0.0,4,0,1.521277349952532,bajo
0,0,1,0,0,7,65,0,0.0,1,0,2.4095306480314025,bajo
0,1,1,0,1,13,22,0,0.0,5,0,2.3770512458267232,bajo
0,2,0,0,1,15,29,0,0.0,2,0,1.2931206153442356,bajo
4,4,10,2,2,14,284,1,28.571429,2,1,6.82925025352636,medio
0,2,0,0,1,17,84,0,0.0,3,0,1.337620128872049,bajo
0,0,0,0,1,7,159,0,0.0,1,0,2.413694949710623,bajo
0,4,1,0,0,19,148,0,0.0,1,0,3.461828750569041,bajo
0,1,0,0,0,19,209,0,0.0,0,0,3.3522960956930232,bajo
0,1,1,0,1,9,6,0,0.0,6,0,3.429089974638773,bajo
4,0,0,1,4,4,241,0,100.0,2,1,8.698984801985644,medio
9,4,14,0,2,11,243,0,81.818182,1,1,12.708136848611,alto
0,0,0,0,1,10,213,0,0.0,0,0,3.203922739645473,bajo
0,0,1,0,1,7,44,0,0.0,5,0,2.7661221602108528,bajo
0,0,2,0,1,18,17,0,0.0,6,0,3.8483125791832093,bajo
0,0,1,0,2,4,165,0,0.0,0,0,3.5080180305711255,bajo
0,2,2,0,2,14,73,0,0.0,5,0,2.475359568445906,bajo
0,3,1,0,1,19,43,0,0.0,6,0,4.027935604099022,bajo
0,0,0,0,0,11,111,0,0.0,4,0,1.7728254005091277,bajo
0,1,0,0,2,8,233,0,0.0,1,0,2.0314513458818713,bajo
0,1,0,0,2,15,163,0,0.0,5,0,2.4730477732302933,bajo
0,0,2,0,0,6,27,0,0.0,1,0,2.490756205308382,bajo
0,4,2,0,1,18,95,0,0.0,2,0,2.9210680298924356,bajo
0,3,2,0,0,15,197,0,0.0,0,0,3.4070734077614215,bajo
0,1,2,0,1,11,174,0,0.0,5,0,2.354253123765366,bajo
9,8,7,0,2,12,292,1,75.0,2,1,12.83497064797261,alto
0,1,0,0,0,12,143,0,0.0,1,0,1.929625892042424,bajo
0,1,1,0,1,10,108,0,0.0,3,0,0.46079643977964774,bajo
0,0,1,0,0,11,178,0,0.0,4,0,1.767151531203369,bajo
0,0,0,0,0,8,146,0,0.0,6,0,3.660187849361691,bajo
0,0,2,0,0,10,80,0,0.0,3,0,1.2737499675170088,bajo
0,1,2,0,1,8,224,0,0.0,6,0,3.4633643252598882,bajo
0,0,2,0,0,8,131,0,0.0,5,0,2.7133758837419184,bajo
0,0,0,0,0,17,32,0,0.0,0,0,3.3972425177426437,bajo
0,2,2,0,1,8,135,0,0.0,0,0,3.0833706780770953,bajo
0,0,1,0,1,8,77,0,0.0,6,0,3.657443058498522,bajo
0,2,1,0,0,10,51,0,0.0,6,0,3.449354719301693,bajo
0,0,2,0,0,3,89,0,0.0,0,0,3.5981815179391607,bajo
0,0,2,0,2,5,177,0,0.0,4,0,2.1708641708938186,bajo
0,1,1,0,1,14,195,0,0.0,2,0,1.0527109271112787,bajo
0,1,0,0,1,18,31,0,0.0,0,0,3.2636020990018513,bajo
0,0,1,0,0,8,73,0,0.0,3,0,1.4042251196146849,bajo
2,1,10,3,3,3,190,0,66.666667,1,1,7.257143466530128,medio
1,4,13,3,3,9,245,1,11.111111,3,0,9.853161599228649,alto
0,2,0,0,0,8,203,0,0.0,4,0,1.5656886663524763,bajo
0,1,1,0,2,13,89,0,0.0,3,0,0.5233223647532526,bajo
0,0,0,0,0,18,2,0,0.0,5,0,2.9642883951648558,bajo
0,3,0,0,2,19,26,0,0.0,3,0,2.1998429620366875,bajo
0,0,1,0,0,16,48,0,0.0,6,0,3.7235152520955617,bajo
2,5,0,3,5,7,166,1,28.571429,2,1,8.315170148865905,medio
0,2,2,0,2,9,175,0,0.0,2,0,1.1403388319400054,bajo
0,1,0,0,2,14,107,0,0.0,6,0,3.446925922932825,bajo
0,2,0,0,1,12,106,0,0.0,6,0,3.4464849103785835,bajo
0,0,0,0,1,16,81,0,0.0,5,0,2.8028763774518324,bajo
0,0,0,0,1,7,109,0,0.0,0,0,3.306306336581928,bajo
0,2,0,0,1,9,158,0,0.0,4,0,1.4930508285754298,bajo
0,0,2,0,2,18,78,0,0.0,3,0,1.8451200956841747,bajo
0,1,0,0,2,15,51,0,0.0,6,0,3.4848960530331485,bajo
8,0,13,1,0,14,269,1,57.142857,0,1,10.378148358576942,alto
0,0,1,0,0,16,189,0,0.0,4,0,2.008569169239849,bajo
0,0,2,0,1,15,100,0,0.0,6,0,3.678929294621747,bajo
2,3,11,2,5,6,185,1,33.333333,3,1,7.807126211926658,medio
0,1,1,0,1,5,85,0,0.0,3,0,1.3144275609556417,bajo
0,1,1,0,0,16,181,0,0.0,1,0,2.143451728091534,bajo
0,0,2,0,0,6,151,0,0.0,6,0,3.7520655041531246,bajo
0,2,1,0,2,8,26,0,0.0,4,0,1.5592612460677195,bajo
0,0,1,0,0,17,66,0,0.0,1,0,2.532870521135891,bajo
0,3,2,0,1,13,218,0,0.0,2,0,1.7827002118633226,bajo
0,0,1,0,2,12,28,0,0.0,2,0,1.4901471682499665,bajo
0,3,2,0,1,19,108,0,0.0,2,0,2.3420731728914004,bajo
0,4,2,0,0,18,230,0,0.0,3,0,2.807242339259013,bajo
0,2,1,0,0,18,55,0,0.0,5,0,2.7661420707458526,bajo
0,3,2,0,2,18,158,0,0.0,5,0,3.102095056327638,bajo
0,3,2,0,0,13,159,0,0.0,0,0,3.3410540116762597,bajo
0,0,0,0,2,3,125,0,0.0,3,0,2.07756845444939,bajo
0,1,2,0,0,14,56,0,0.0,1,0,2.00028449242518,bajo
0,1,1,0,0,16,127,0,0.0,0,0,3.1145021418714456,bajo
0,0,0,0,2,5,74,0,0.0,0,0,3.4322743736047028,bajo
0,0,0,0,0,16,95,0,0.0,2,0,1.769643620442639,bajo
0,2,2,0,1,9,176,0,0.0,5,0,2.454557005965531,bajo
0,0,1,0,0,4,98,0,0.0,2,0,2.0788382907892635,bajo
0,2,0,0,1,8,191,0,0.0,3,0,0.9362452591654976,bajo
0,1,0,0,0,8,124,0,0.0,6,0,3.464234929080142,bajo
0,0,0,0,1,11,198,0,0.0,3,0,1.2522316423312514,bajo
0,1,0,0,2,4,11,0,0.0,1,0,2.413397219574257,bajo
0,4,2,0,1,17,181,0,0.0,2,0,2.8331510814378924,bajo
0,0,1,0,2,10,236,0,0.0,3,0,1.2682211193911181,bajo
0,1,1,0,1,4,104,0,0.0,4,0,1.9617120382969124,bajo
0,3,2,0,1,12,128,0,0.0,3,0,1.5571072905716568,bajo
0,0,2,0,0,19,81,0,0.0,1,0,2.7426576684879014,bajo
0,0,1,0,1,19,32,0,0.0,1,0,2.74009432582814,bajo
0,0,1,0,2,8,134,0,0.0,5,0,2.710784852103227,bajo
0,0,2,0,0,14,54,0,0.0,5,0,2.691241973661909,bajo
0,3,0,0,0,17,76,0,0.0,1,0,2.6976911769983034,bajo
0,1,0,0,1,8,181,0,0.0,1,0,2.0314513458818713,bajo
0,1,0,0,2,15,216,0,0.0,0,0,3.0620433877291204,bajo
0,0,0,0,2,19,133,0,0.0,3,0,1.999322338809576,bajo
0,0,1,0,0,15,39,0,0.0,1,0,2.376202329258288,bajo
0,0,0,0,1,10,15,0,0.0,2,0,1.5101321326482864,bajo
0,1,1,0,2,18,152,0,0.0,2,0,1.626773318748761,bajo
1,2,14,1,1,2,201,1,50.0,2,1,8.408010268137646,medio
0,0,0,0,0,15,199,0,0.0,0,0,3.2820970669819762,bajo
1,1,2,3,1,4,212,1,25.0,0,1,10.240192905868152,alto
0,4,1,0,0,16,121,0,0.0,3,0,2.6335652026894962,bajo
0,0,1,0,1,5,234,0,0.0,5,0,2.9155235532561385,bajo
0,3,1,0,0,16,178,0,0.0,4,0,2.208250291697073,bajo
0,1,2,0,0,3,71,0,0.0,2,0,1.8884482846301112,bajo
0,1,2,0,2,19,223,0,0.0,6,0,3.741690622022758,bajo
0,1,1,0,0,3,23,0,0.0,1,0,2.5359547184718703,bajo
0,0,1,0,0,3,31,0,0.0,0,0,3.5962280328086877,bajo
0,1,2,0,1,16,113,0,0.0,0,0,3.1167575721896856,bajo
0,1,1,0,0,11,201,0,0.0,6,0,3.3995571491660153,bajo
0,3,2,0,2,17,107,0,0.0,0,0,3.518130863561177,bajo
0,1,0,0,2,12,229,0,0.0,2,0,0.9190062571839592,bajo
0,1,2,0,0,16,98,0,0.0,0,0,3.1167575721896856,bajo
0,1,2,0,0,3,186,0,0.0,3,0,1.7071051636589782,bajo
0,3,0,0,2,17,17,0,0.0,1,0,2.6976911769983034,bajo
0,2,1,0,0,12,59,0,0.0,5,0,2.414464259260142,bajo
0,0,0,0,0,8,185,0,0.0,5,0,2.7144870382538677,bajo
0,3,2,0,0,13,228,0,0.0,0,0,3.3410540116762597,bajo
0,1,1,0,1,9,203,0,0.0,3,0,0.5946566358546714,bajo
0,0,0,0,2,3,65,0,0.0,3,0,2.07756845444939,bajo
0,0,0,0,0,19,62,0,0.0,3,0,1.999322338809576,bajo
0,2,1,0,1,11,10,0,0.0,0,0,3.011523053105935,bajo
0,1,1,0,0,4,62,0,0.0,0,0,3.303049962391737,bajo
0,1,2,0,0,7,2,0,0.0,0,0,3.0870016113033905,bajo
0,2,2,0,2,10,100,0,0.0,2,0,1.0766101875692515,bajo
0,4,0,0,1,17,40,0,0.0,5,0,3.5717297894063735,bajo
0,2,1,0,0,9,204,0,0.0,2,0,1.1341598121739178,bajo
0,1,0,0,2,17,196,0,0.0,1,0,2.2448757191744653,bajo
0,0,2,0,0,4,32,0,0.0,2,0,2.0822158416772134,bajo
6,1,3,6,1,7,308,0,85.714286,3,1,8.190316631013525,medio
0,3,1,0,2,14,120,0,0.0,1,0,2.4950259658913687,bajo
0,1,1,0,0,7,41,0,0.0,3,0,0.9374828151054575,bajo
0,0,0,0,0,10,167,0,0.0,3,0,1.2761152667865074,bajo
0,4,0,0,1,16,138,0,0.0,0,0,3.9487215387723476,bajo
0,0,1,0,2,6,1,0,0.0,1,0,2.487933339581728,bajo
0,0,1,0,2,4,208,0,0.0,0,0,3.5080180305711255,bajo
6,1,4,1,3,9,132,1,66.666667,2,1,6.364213850366471,medio
0,3,2,0,2,16,169,0,0.0,2,0,1.9918902058488732,bajo
0,3,1,0,0,15,232,0,0.0,3,0,1.7197221538095486,bajo
1,1,4,5,3,1,176,0,100.0,0,1,11.006618821140997,alto
0,0,2,0,0,3,71,0,0.0,1,0,2.800209269853902,bajo
0,0,0,0,0,13,47,0,0.0,3,0,1.3000011971775014,bajo
0,1,2,0,0,15,43,0,0.0,3,0,0.8564039738743949,bajo
0,2,1,0,1,8,157,0,0.0,2,0,1.2282095516585085,bajo
0,4,1,0,1,19,49,0,0.0,5,0,3.7188509192589763,bajo
0,0,1,0,0,6,15,0,0.0,6,0,3.7501921784591143,bajo
0,1,0,0,2,19,152,0,0.0,2,0,1.8036815821087138,bajo
0,1,0,0,0,5,108,0,0.0,3,0,1.3220458310723329,bajo
0,1,2,0,1,19,14,0,0.0,1,0,2.475099924802921,bajo
0,3,1,0,2,18,142,0,0.0,5,0,3.09982895760596,bajo
7,0,1,6,0,12,151,0,58.333333,1,1,8.86849887526372,medio
0,4,0,0,0,19,197,0,0.0,0,0,4.136433481368409,bajo
0,0,0,0,2,19,70,0,0.0,2,0,2.156227886470782,bajo
0,2,1,0,2,12,212,0,0.0,0,0,3.0149265461866466,bajo
0,2,0,0,2,16,1,0,0.0,4,0,1.7143678445344948,bajo
0,2,1,0,2,11,193,0,0.0,1,0,1.9908623303295623,bajo
0,2,1,0,0,15,122,0,0.0,4,0,1.604640922473243,bajo
7,3,6,0,5,11,301,0,63.636364,2,1,8.348392094055876,medio
0,1,1,0,0,11,22,0,0.0,4,0,1.3140673823964844,bajo
0,1,0,0,0,8,160,0,0.0,4,0,1.4733322500004802,bajo
0,1,0,0,2,8,174,0,0.0,5,0,2.443847055789742,bajo
0,0,0,0,0,5,88,0,0.0,0,0,3.4322743736047028,bajo
7,6,1,3,4,8,90,1,87.5,3,1,9.367121743944411,medio
0,1,0,0,2,19,1,0,0.0,0,0,3.3522960956930232,bajo
0,1,2,0,0,13,206,0,0.0,0,0,2.9874020849264014,bajo
0,2,0,0,1,13,69,0,0.0,5,0,2.4394940198318653,bajo
0,0,0,0,2,6,144,0,0.0,6,0,3.7528691346530936,bajo
0,1,2,0,1,9,129,0,0.0,1,0,1.9744830090619743,bajo
0,2,1,0,0,19,179,0,0.0,5,0,2.8702495376081067,bajo
0,1,1,0,2,18,15,0,0.0,6,0,3.6605196470260535,bajo
0,2,1,0,1,9,59,0,0.0,3,0,0.7964230004332581,bajo
0,2,0,0,2,11,133,0,0.0,3,0,0.6728340942258195,bajo
0,1,1,0,0,4,222,0,0.0,4,0,1.9617120382969124,bajo
0,1,1,0,2,16,207,0,0.0,4,0,1.6242840450071512,bajo
0,1,0,0,2,14,54,0,0.0,0,0,3.0187592693151135,bajo
0,1,2,0,0,19,187,0,0.0,3,0,1.6109646710374848,bajo
0,0,1,0,2,3,33,0,0.0,3,0,2.0727289539318186,bajo
0,2,0,0,1,18,231,0,0.0,6,0,3.7013730606050497,bajo
0,0,0,0,2,10,81,0,0.0,4,0,1.7897754017642342,bajo
0,0,2,0,0,14,194,0,0.0,4,0,1.8550209830616293,bajo
0,1,1,0,1,4,40,0,0.0,3,0,1.5078091081314973,bajo
0,1,2,0,2,8,155,0,0.0,6,0,3.4633643252598882,bajo
0,1,1,0,2,16,229,0,0.0,6,0,3.5310783599110644,bajo
0,1,0,0,1,15,16,0,0.0,2,0,1.1796134302283676,bajo
0,0,1,0,1,12,45,0,0.0,0,0,3.1945516816298163,bajo
0,2,2,0,1,12,64,0,0.0,5,0,2.4173729193743667,bajo
0,0,2,0,1,10,79,0,0.0,1,0,2.2700994353063253,bajo
0,1,0,0,0,17,200,0,0.0,5,0,2.6239399489976902,bajo
0,0,2,0,2,6,145,0,0.0,0,0,3.362975580545516,bajo
0,1,0,0,0,7,199,0,0.0,6,0,3.5077059361748293,bajo
0,1,0,0,0,9,95,0,0.0,4,0,1.3958967353127016,bajo
0,2,1,0,0,16,29,0,0.0,4,0,1.7084998507222386,bajo
0,0,0,0,1,6,71,0,0.0,4,0,2.0624769130500447,bajo
10,10,14,1,0,13,233,0,76.923077,1,1,15.816115314642671,alto
0,1,2,0,1,4,115,0,0.0,2,0,1.714517822180768,bajo
0,0,1,0,1,5,59,0,0.0,5,0,2.9155235532561385,bajo
0,2,2,0,1,9,25,0,0.0,3,0,0.8051979680172031,bajo
0,0,2,0,1,3,193,0,0.0,0,0,3.5981815179391607,bajo
0,2,1,0,0,10,185,0,0.0,4,0,1.4379959160586802,bajo
0,3,0,0,0,15,123,0,0.0,2,0,1.90514003073017,bajo
0,1,0,0,1,8,182,0,0.0,0,0,3.0385083267531963,bajo
0,2,0,0,0,19,63,0,0.0,6,0,3.779808591233449,bajo
0,4,1,0,2,18,218,0,0.0,6,0,4.38994270108969,medio
0,0,1,0,2,13,230,0,0.0,0,0,3.210384477550743,bajo
0,1,1,0,2,8,131,0,0.0,4,0,1.4665001031147389,bajo
0,1,0,0,1,4,7,0,0.0,1,0,2.413397219574257,bajo
0,1,0,0,0,3,125,0,0.0,2,0,1.8900444751641239,bajo
0,4,0,0,1,18,98,0,0.0,3,0,2.8083163542778498,bajo
0,0,0,0,0,7,45,0,0.0,4,0,1.9671900412681993,bajo
0,1,0,0,1,11,71,0,0.0,4,0,1.3216877286009303,bajo
0,0,0,0,1,10,125,0,0.0,1,0,2.271427445584409,bajo
0,1,0,0,2,11,125,0,0.0,2,0,0.9077783436670118,bajo
0,2,2,0,0,11,230,0,0.0,6,0,3.4426321417744887,bajo
0,3,0,0,0,14,236,0,0.0,3,0,1.6475216145773568,bajo
4,7,2,5,4,8,284,0,50.0,2,1,6.413124014688033,medio
0,1,1,0,2,10,141,0,0.0,1,0,1.9347469667483945,bajo
0,0,1,0,1,13,121,0,0.0,2,0,1.523793499834627,bajo
0,1,1,0,1,5,107,0,0.0,4,0,1.8172907383339967,bajo
0,0,0,0,0,15,110,0,0.0,4,0,1.92622330591099,bajo
0,0,0,0,2,15,17,0,0.0,5,0,2.7408058554803505,bajo
0,2,0,0,1,11,54,0,0.0,5,0,2.414376119453661,bajo
0,2,2,0,2,17,114,0,0.0,0,0,3.227978804496618,bajo
0,1,2,0,1,17,176,0,0.0,6,0,3.5927099623176773,bajo
4,5,9,3,1,5,209,0,80.0,2,1,6.168235694148423,medio
0,0,1,0,0,12,130,0,0.0,0,0,3.1945516816298163,bajo
0,2,2,0,1,10,73,0,0.0,4,0,1.4428743627500498,bajo
1,1,5,4,1,4,64,0,25.0,3,0,4.926645792210228,medio
1,7,7,5,5,12,141,1,8.333333,2,0,10.778427513769769,alto
8,4,9,3,1,11,173,0,72.727273,3,1,10.48754571980903,alto
0,1,0,0,2,10,230,0,0.0,3,0,0.48209825281734475,bajo
0,0,0,0,0,5,101,0,0.0,4,0,2.1722528496578213,bajo
0,0,1,0,0,13,35,0,0.0,0,0,3.210384477550743,bajo
0,1,0,0,0,18,154,0,0.0,3,0,1.4193124790255083,bajo
0,1,0,0,1,18,191,0,0.0,1,0,2.354858887395601,bajo
0,0,2,0,1,17,43,0,0.0,3,0,1.70252012689736,bajo
0,1,2,0,2,19,184,0,0.0,0,0,3.3513964132615923,bajo
0,1,2,0,0,5,72,0,0.0,5,0,2.6680105533740224,bajo
0,0,1,0,0,6,162,0,0.0,0,0,3.360885386808888,bajo
0,0,2,0,1,12,14,0,0.0,5,0,2.638004965694244,bajo
0,3,0,0,2,12,204,0,0.0,3,0,1.5590427539767548,bajo
0,4,2,0,1,16,179,0,0.0,5,0,3.5108725662906544,bajo
0,0,2,0,0,4,238,0,0.0,0,0,3.5100206088984773,bajo
0,0,2,0,0,6,109,0,0.0,4,0,2.061014270326245,bajo
0,1,2,0,2,4,143,0,0.0,3,0,1.5124623891668254,bajo
0,3,2,0,0,13,198,0,0.0,3,0,1.589336704869762,bajo
0,4,0,0,1,16,138,0,0.0,2,0,2.7582204275953304,bajo
0,0,2,0,0,8,181,0,0.0,3,0,1.4092204790723117,bajo
0,1,0,0,2,6,19,0,0.0,6,0,3.562018429637303,bajo
0,4,0,0,2,16,168,0,0.0,0,0,3.9487215387723476,bajo
0,2,2,0,2,8,127,0,0.0,3,0,0.9330187516517829,bajo
0,2,2,0,2,8,2,0,0.0,4,0,1.563761428597271,bajo
0,1,2,0,2,18,120,0,0.0,4,0,1.892945464976802,bajo
0,1,2,0,1,5,222,0,0.0,3,0,1.3197628518335092,bajo
0,1,0,0,1,3,168,0,0.0,3,0,1.70887074823322,bajo
1,0,0,5,3,1,335,0,100.0,0,1,11.236434991397372,alto
0,2,2,0,2,10,24,0,0.0,1,0,2.009470845390684,bajo
2,0,9,2,0,4,105,1,50.0,3,1,7.2557352508849675,medio
0,0,0,0,2,4,123,0,0.0,1,0,2.687105801453455,bajo
0,1,0,0,0,6,137,0,0.0,6,0,3.562018429637303,bajo
1,1,13,6,3,3,79,0,33.333333,2,0,6.440887955749562,medio
0,1,0,0,2,7,72,0,0.0,3,0,0.9481346924746457,bajo
0,1,0,0,1,4,165,0,0.0,4,0,1.9668247221486121,bajo
0,3,2,0,0,15,162,0,0.0,0,0,3.4070734077614215,bajo
0,1,0,0,2,11,155,0,0.0,2,0,0.9077783436670118,bajo
0,2,2,0,1,10,215,0,0.0,2,0,1.0766101875692515,bajo
0,0,0,0,2,9,1,0,0.0,2,0,1.556207638366185,bajo
0,2,0,0,0,11,24,0,0.0,3,0,0.6728340942258195,bajo
0,2,1,0,2,10,153,0,0.0,2,0,1.0700632335978932,bajo
0,0,2,0,0,10,100,0,0.0,5,0,2.6455519854247846,bajo
2,10,0,7,3,11,135,0,18.181818,2,0,9.718715399112606,alto
0,1,2,0,0,4,145,0,0.0,0,0,3.305176731452643,bajo
0,0,1,0,1,12,168,0,0.0,6,0,3.6018816247503573,bajo
0,1,2,0,1,3,76,0,0.0,3,0,1.7071051636589782,bajo
0,0,1,0,0,15,144,0,0.0,3,0,1.454450082726801,bajo
0,1,2,0,2,7,67,0,0.0,6,0,3.5068461244115228,bajo
0,0,2,0,1,9,17,0,0.0,2,0,1.5542686445184566,bajo
0,0,0,0,2,7,123,0,0.0,2,0,1.716694418864731,bajo
0,1,0,0,0,14,150,0,0.0,4,0,1.4321601143792857,bajo
0,2,1,0,1,16,230,0,0.0,4,0,1.7084998507222386,bajo
0,0,0,0,2,3,236,0,0.0,2,0,2.228972760455921,bajo
0,4,1,0,0,16,118,0,0.0,1,0,3.2352091343907707,bajo
0,1,0,0,2,5,26,0,0.0,4,0,1.8228085456488459,bajo
0,0,0,0,0,18,67,0,0.0,0,0,3.4709004752895685,bajo
0,2,0,0,0,9,91,0,0.0,3,0,0.8089344609268733,bajo
0,4,2,0,2,18,59,0,0.0,1,0,3.3780944358849605,bajo
0,2,1,0,0,11,9,0,0.0,6,0,3.4405903405518776,bajo
0,3,1,0,0,15,126,0,0.0,5,0,2.8868582601400425,bajo
0,1,2,0,1,7,107,0,0.0,1,0,2.1032928153556005,bajo
0,4,1,0,0,19,143,0,0.0,3,0,2.9074638143643146,bajo
0,0,1,0,1,18,92,0,0.0,5,0,2.960898566863292,bajo
0,4,1,0,1,19,29,0,0.0,0,0,4.13400490799535,bajo
0,2,1,0,2,12,190,0,0.0,5,0,2.414464259260142,bajo
0,2,1,0,0,12,137,0,0.0,6,0,3.4435697859940824,bajo
0,1,2,0,1,13,228,0,0.0,6,0,3.4194973328155998,bajo
0,1,1,0,0,5,148,0,0.0,1,0,2.2931707915958444,bajo
0,0,0,0,1,5,2,0,0.0,3,0,1.7730923913354877,bajo
5,9,10,0,2,9,389,0,55.555556,0,1,7.856303096781981,medio
0,1,1,0,2,7,27,0,0.0,5,0,2.5010758398044417,bajo
0,0,2,0,0,8,90,0,0.0,1,0,2.3487900768406935,bajo
0,2,0,0,1,9,106,0,0.0,3,0,0.8089344609268733,bajo
0,1,0,0,2,15,43,0,0.0,3,0,0.8599179965809957,bajo
0,2,0,0,0,15,125,0,0.0,4,0,1.610887288587168,bajo
0,1,1,0,2,6,183,0,0.0,3,0,1.1237652722066624,bajo
0,0,1,0,1,6,135,0,0.0,1,0,2.487933339581728,bajo
0,2,2,0,0,13,237,0,0.0,6,0,3.4602940756800016,bajo
0,0,2,0,2,4,153,0,0.0,4,0,2.2931244497486416,bajo
8,3,11,7,5,8,203,1,100.0,2,1,11.641482154741512,alto
0,0,1,0,2,4,69,0,0.0,0,0,3.5080180305711255,bajo
0,0,2,0,0,7,161,0,0.0,4,0,1.9656564969721344,bajo
0,2,0,0,0,10,66,0,0.0,3,0,0.7163042694432685,bajo
0,1,2,0,2,5,180,0,0.0,1,0,2.2962331004295344,bajo
0,2,1,0,0,13,3,0,0.0,2,0,1.0984390117049363,bajo
1,7,1,5,0,9,343,0,11.111111,0,0,6.711297123917868,medio
0,4,1,0,2,16,172,0,0.0,1,0,3.2352091343907707,bajo
0,0,2,0,0,11,173,0,0.0,6,0,3.6009852028690355,bajo
0,1,0,0,0,4,124,0,0.0,2,0,1.7162757811469291,bajo
0,0,1,0,2,14,36,0,0.0,3,0,1.3609639454755178,bajo
0,1,2,0,2,8,2,0,0.0,2,0,1.1143966052586467,bajo
0,4,0,0,2,16,147,0,0.0,6,0,4.2849495426288335,bajo
0,1,2,0,1,10,42,0,0.0,2,0,0.9372387182168588,bajo
1,2,14,6,0,2,248,1,50.0,1,1,8.408141983485343,medio
0,2,1,0,0,15,17,0,0.0,4,0,1.604640922473243,bajo
0,1,1,0,0,16,75,0,0.0,1,0,2.143451728091534,bajo
0,4,1,0,0,18,137,0,0.0,5,0,3.639101772015168,bajo
0,2,0,0,2,9,130,0,0.0,0,0,3.0481183883777883,bajo
0,2,2,0,2,12,140,0,0.0,4,0,1.4289896144212642,bajo
7,0,13,7,5,10,392,1,70.0,2,1,8.48000658342369,medio
0,1,0,0,2,19,59,0,0.0,0,0,3.3522960956930232,bajo
0,3,0,0,2,12,148,0,0.0,5,0,2.7941225163837866,bajo
0,1,2,0,0,11,61,0,0.0,5,0,2.354253123765366,bajo
0,3,2,0,0,12,10,0,0.0,2,0,1.754027365317505,bajo
0,1,2,0,1,9,87,0,0.0,0,0,3.0007201525863203,bajo
0,1,0,0,0,11,59,0,0.0,0,0,2.967942618176995,bajo
0,1,2,0,1,3,63,0,0.0,3,0,1.7071051636589782,bajo
0,0,1,0,0,7,167,0,0.0,2,0,1.7108344049923063,bajo
0,1,2,0,2,5,26,0,0.0,0,0,3.221556259414302,bajo
0,0,1,0,2,3,185,0,0.0,2,0,2.224462676782542,bajo
0,3,1,0,2,16,139,0,0.0,2,0,1.9883592281267353,bajo
0,2,2,0,2,13,3,0,0.0,6,0,3.4602940756800016,bajo
0,0,1,0,2,12,5,0,0.0,5,0,2.6353398313970002,bajo
0,1,1,0,2,11,19,0,0.0,6,0,3.3995571491660153,bajo
0,3,1,0,0,18,234,0,0.0,2,0,2.2100819266507465,bajo
0,1,2,0,1,3,200,0,0.0,3,0,1.7071051636589782,bajo
0,0,2,0,2,3,61,0,0.0,2,0,2.2276194406761833,bajo
0,2,0,0,0,16,107,0,0.0,3,0,1.168003121459495,bajo
0,1,0,0,1,9,63,0,0.0,4,0,1.3958967353127016,bajo
0,1,1,0,0,7,100,0,0.0,4,0,1.5664290099627174,bajo
0,2,1,0,2,14,227,0,0.0,3,0,0.8583964661980755,bajo
0,0,2,0,1,13,13,0,0.0,2,0,1.5283981164010187,bajo
0,1,1,0,2,13,24,0,0.0,1,0,1.9505842109171936,bajo
0,1,0,0,1,4,141,0,0.0,3,0,1.5144549095368405,bajo
0,0,2,0,2,16,187,0,0.0,4,0,2.0120646807945257,bajo
0,4,1,0,2,19,147,0,0.0,3,0,2.9074638143643146,bajo
0,4,0,0,0,17,90,0,0.0,3,0,2.7167530915961904,bajo
0,0,2,0,0,4,196,0,0.0,0,0,3.5100206088984773,bajo
0,4,0,0,2,18,6,0,0.0,2,0,2.9221002086916346,bajo
3,3,9,4,4,14,371,1,21.428571,0,1,8.204355001784496,medio
0,1,2,0,2,17,80,0,0.0,3,0,1.2257745852050206,bajo
0,3,2,0,2,19,22,0,0.0,1,0,2.892090996091728,bajo
0,1,0,0,2,8,37,0,0.0,1,0,2.0314513458818713,bajo
0,1,0,0,1,12,173,0,0.0,6,0,3.4055227434880173,bajo
0,4,2,0,1,18,48,0,0.0,5,0,3.6410322546173433,bajo
0,0,0,0,2,3,59,0,0.0,2,0,2.228972760455921,bajo
0,0,0,0,2,15,180,0,0.0,4,0,1.92622330591099,bajo
0,1,0,0,2,18,17,0,0.0,5,0,2.718630949752646,bajo
0,2,0,0,1,15,112,0,0.0,1,0,2.133317723248346,bajo
0,0,0,0,2,3,70,0,0.0,1,0,2.8012859813578017,bajo
4,4,2,1,5,7,87,1,57.142857,1,1,4.24235014985469,bajo
0,0,2,0,0,3,206,0,0.0,1,0,2.800209269853902,bajo
2,2,4,1,1,2,90,0,100.0,0,1,9.598605232887419,medio
0,0,0,0,2,8,100,0,0.0,3,0,1.4113587612697256,bajo
1,2,8,1,1,2,306,1,50.0,1,1,8.349221345108097,medio
0,2,0,0,0,18,233,0,0.0,0,0,3.306322994152629,bajo
0,3,0,0,0,15,132,0,0.0,4,0,2.133624959404538,bajo
0,0,1,0,1,4,117,0,0.0,0,0,3.5080180305711255,bajo
0,1,1,0,0,7,200,0,0.0,1,0,2.09994916487199,bajo
0,3,0,0,0,17,102,0,0.0,3,0,1.9356201125287926,bajo
0,1,2,0,0,12,228,0,0.0,2,0,0.9157190105961824,bajo
2,1,5,5,3,4,190,0,50.0,2,1,7.391297354182725,medio
1,0,1,2,3,2,124,0,50.0,1,0,8.872488857396524,medio
0,1,2,0,0,8,218,0,0.0,5,0,2.4426127891493925,bajo
9,11,7,5,1,13,285,0,69.230769,3,1,14.287113675239068,alto
0,0,1,0,0,3,85,0,0.0,0,0,3.5962280328086877,bajo
0,2,0,0,0,9,163,0,0.0,1,0,2.0457975042764045,bajo
0,3,1,0,2,16,84,0,0.0,0,0,3.4551692120122337,bajo
0,1,2,0,2,13,130,0,0.0,4,0,1.3648246349497,bajo
0,0,1,0,2,4,53,0,0.0,2,0,2.0788382907892635,bajo
0,1,1,0,2,5,239,0,0.0,3,0,1.3144275609556417,bajo
3,9,4,5,2,14,51,0,21.428571,2,1,10.124559675042244,alto
0,1,2,0,1,4,234,0,0.0,0,0,3.305176731452643,bajo
6,6,8,1,5,10,225,1,60.0,3,1,6.686187207270442,medio
0,1,0,0,0,13,111,0,0.0,4,0,1.3670323619218383,bajo
0,4,2,0,2,18,121,0,0.0,3,0,2.807242339259013,bajo
0,0,2,0,0,14,194,0,0.0,4,0,1.8550209830616293,bajo
5,3,13,4,0,5,189,1,100.0,2,1,7.88569776984087,medio
0,3,1,0,0,15,38,0,0.0,2,0,1.8998613555295596,bajo
0,0,2,0,2,6,31,0,0.0,4,0,2.061014270326245,bajo
5,2,4,5,0,9,34,0,55.555556,3,1,5.841580133283064,medio
0,2,0,0,1,12,27,0,0.0,4,0,1.4310983587789663,bajo
0,0,1,0,1,16,84,0,0.0,0,0,3.3310921693159266,bajo
0,3,0,0,2,16,104,0,0.0,1,0,2.617735924234898,bajo
0,0,0,0,1,11,239,0,0.0,6,0,3.6018225422218912,bajo
0,1,0,0,1,4,162,0,0.0,3,0,1.5144549095368405,bajo
0,3,2,0,0,16,196,0,0.0,2,0,1.9918902058488732,bajo
0,2,1,0,0,13,93,0,0.0,1,0,2.021250069865817,bajo
2,5,7,6,2,5,279,1,40.0,1,1,7.273470722176495,medio
0,4,0,0,1,18,47,0,0.0,0,0,4.064885175893187,bajo
0,0,1,0,1,8,98,0,0.0,5,0,2.710784852103227,bajo
6,5,1,2,0,10,303,1,60.0,1,1,6.223532221067827,medio
0,1,0,0,0,11,23,0,0.0,4,0,1.3216877286009303,bajo
3,0,7,2,4,12,38,1,25.0,3,1,8.24308904339425,medio
0,2,1,0,1,9,130,0,0.0,5,0,2.451692461026577,bajo
0,2,1,0,2,10,49,0,0.0,1,0,2.0059708139440193,bajo
4,1,9,1,5,4,133,1,100.0,1,1,7.854411592654071,medio
0,0,2,0,2,3,8,0,0.0,2,0,2.2276194406761833,bajo
0,2,2,0,0,11,228,0,0.0,4,0,1.421794759665187,bajo
0,0,0,0,1,8,20,0,0.0,0,0,3.2601509628396914,bajo
0,1,0,0,2,12,175,0,0.0,3,0,0.43879792252471633,bajo
0,0,1,0,1,4,40,0,0.0,2,0,2.0788382907892635,bajo
0,2,0,0,1,10,219,0,0.0,5,0,2.4268494255429394,bajo
0,1,2,0,1,4,35,0,0.0,4,0,1.9652908927888886,bajo
0,2,2,0,2,14,5,0,0.0,2,0,1.1844524258882354,bajo
0,1,2,0,2,5,198,0,0.0,1,0,2.2962331004295344,bajo
0,0,2,0,0,8,124,0,0.0,5,0,2.7133758837419184,bajo
0,0,1,0,0,7,164,0,0.0,4,0,1.9620783093467098,bajo
0,3,1,0,1,18,57,0,0.0,4,0,2.4098255233961936,bajo
0,3,0,0,0,18,147,0,0.0,6,0,3.9569635005437056,bajo
0,0,1,0,0,9,185,0,0.0,1,0,2.297951354957405,bajo
0,0,0,0,2,7,25,0,0.0,5,0,2.7697503807501307,bajo
2,3,7,3,4,3,259,0,66.666667,3,1,7.131945982899961,medio
0,2,2,0,2,19,206,0,0.0,3,0,1.695842048182563,bajo
0,0,1,0,0,19,175,0,0.0,3,0,1.9942929694523457,bajo
0,1,1,0,1,7,148,0,0.0,4,0,1.5664290099627174,bajo
0,2,2,0,2,11,20,0,0.0,1,0,1.9943888764243487,bajo
0,3,2,0,0,14,87,0,0.0,3,0,1.6456902126838946,bajo
0,0,2,0,2,4,201,0,0.0,0,0,3.5100206088984773,bajo
0,0,1,0,2,4,31,0,0.0,2,0,2.0788382907892635,bajo
0,2,1,0,1,18,104,0,0.0,4,0,1.9621063789584499,bajo
0,3,0,0,2,15,56,0,0.0,6,0,3.792436049871037,bajo
0,1,2,0,2,11,46,0,0.0,1,0,1.922736047759041,bajo
0,0,0,0,2,5,73,0,0.0,5,0,2.918966076549578,bajo
0,1,2,0,1,18,112,0,0.0,2,0,1.631087245573571,bajo
0,2,2,0,0,11,60,0,0.0,5,0,2.4131267790590907,bajo
0,3,0,0,0,14,225,0,0.0,3,0,1.6475216145773568,bajo
0,0,1,0,1,3,71,0,0.0,1,0,2.7976986583432826,bajo
0,1,0,0,1,11,55,0,0.0,3,0,0.4147681729587757,bajo
0,3,0,0,0,15,132,0,0.0,5,0,2.890334925332137,bajo
0,1,2,0,2,12,123,0,0.0,3,0,0.4318708399926868,bajo
0,1,2,0,0,3,48,0,0.0,0,0,3.398655438152403,bajo
0,1,0,0,0,8,126,0,0.0,2,0,1.1170993636145417,bajo
0,0,0,0,2,3,110,0,0.0,2,0,2.228972760455921,bajo
0,1,2,0,2,4,183,0,0.0,1,0,2.412147372171264,bajo
0,2,1,0,0,17,221,0,0.0,3,0,1.3300910655694742,bajo
0,0,2,0,1,13,94,0,0.0,3,0,1.2976794358727115,bajo
0,1,1,0,0,13,29,0,0.0,1,0,1.9505842109171936,bajo
0,0,2,0,0,12,76,0,0.0,5,0,2.638004965694244,bajo
0,1,0,0,2,6,39,0,0.0,3,0,1.1326666559379472,bajo
0,0,2,0,2,10,13,0,0.0,1,0,2.2700994353063253,bajo
0,2,1,0,1,12,21,0,0.0,5,0,2.414464259260142,bajo
0,1,1,0,0,14,233,0,0.0,2,0,1.0527109271112787,bajo
1,1,5,3,3,1,175,1,100.0,0,1,10.589661042722826,alto
0,3,1,0,2,12,83,0,0.0,2,0,1.7500165216942234,bajo
0,3,1,0,2,13,24,0,0.0,1,0,2.4582207906929083,bajo
0,0,2,0,0,8,193,0,0.0,1,0,2.3487900768406935,bajo
0,0,0,0,2,9,183,0,0.0,5,0,2.6732488955601266,bajo
0,3,0,0,1,18,233,0,0.0,2,0,2.2146212969634815,bajo
0,2,2,0,1,19,4,0,0.0,0,0,3.393012083661917,bajo
0,3,2,0,2,15,152,0,0.0,1,0,2.5499825342170066,bajo
0,0,2,0,1,17,148,0,0.0,4,0,2.1150415119153876,bajo
0,3,0,0,0,19,98,0,0.0,3,0,2.1998429620366875,bajo
0,3,2,0,2,14,29,0,0.0,5,0,2.843378730306429,bajo
10,10,1,5,3,10,46,0,100.0,3,1,16.868609365799106,alto
0,1,1,0,0,14,35,0,0.0,4,0,1.425130599897059,bajo
0,1,1,0,2,14,81,0,0.0,3,0,0.6754046284474405,bajo
0,3,0,0,1,15,221,0,0.0,3,0,1.725551984948379,bajo
0,2,1,0,1,12,3,0,0.0,4,0,1.4240636032298253,bajo
0,1,2,0,1,3,92,0,0.0,3,0,1.7071051636589782,bajo
0,3,0,0,2,18,175,0,0.0,2,0,2.2146212969634815,bajo
0,0,1,0,1,3,220,0,0.0,0,0,3.5962280328086877,bajo
0,2,0,0,0,10,122,0,0.0,5,0,2.4268494255429394,bajo
0,0,2,0,2,13,219,0,0.0,3,0,1.2976794358727115,bajo
0,1,0,0,1,11,37,0,0.0,0,0,2.967942618176995,bajo
0,0,2,0,1,8,101,0,0.0,1,0,2.3487900768406935,bajo
3,4,8,7,1,11,235,0,27.272727,0,1,8.048647028911866,medio
0,0,0,0,2,14,148,0,0.0,0,0,3.241752454280243,bajo
1,0,5,4,5,5,359,0,20.0,2,0,4.462979465449144,medio
0,0,1,0,2,17,158,0,0.0,6,0,3.780153720421013,bajo
0,1,2,0,1,14,136,0,0.0,1,0,2.00028449242518,bajo
0,4,1,0,0,17,65,0,0.0,5,0,3.5689169676635744,bajo
0,0,1,0,2,12,81,0,0.0,3,0,1.2524015726244244,bajo
0,3,1,0,1,18,148,0,0.0,1,0,2.786278109773956,bajo
0,0,1,0,1,15,184,0,0.0,2,0,1.663566628384707,bajo
0,3,2,0,0,13,94,0,0.0,2,0,1.7827002118633226,bajo
0,1,1,0,2,5,118,0,0.0,2,0,1.5426434121115158,bajo
6,5,6,5,4,10,367,1,60.0,0,1,6.357556875220231,medio
0,1,2,0,1,18,108,0,0.0,2,0,1.631087245573571,bajo
0,1,2,0,0,16,176,0,0.0,0,0,3.1167575721896856,bajo
1,9,12,7,1,10,65,0,10.0,3,0,7.8327775930787045,medio
0,1,2,0,2,5,85,0,0.0,0,0,3.221556259414302,bajo
0,0,2,0,2,5,183,0,0.0,0,0,3.431395660853982,bajo
3,7,10,4,3,10,374,0,30.0,1,1,8.29866258301962,medio
0,1,1,0,2,7,220,0,0.0,6,0,3.5048417322641257,bajo
0,0,1,0,2,8,216,0,0.0,3,0,1.4042251196146849,bajo
0,1,0,0,0,11,215,0,0.0,2,0,0.9077783436670118,bajo
0,0,2,0,2,4,24,0,0.0,0,0,3.5100206088984773,bajo
1,1,2,3,1,3,340,1,33.333333,0,1,9.550866796046341,medio
0,2,2,0,0,16,93,0,0.0,1,0,2.2111337733822483,bajo
0,1,0,0,2,17,36,0,0.0,4,0,1.7559556778988714,bajo
0,0,0,0,0,16,202,0,0.0,3,0,1.5746776366742714,bajo
0,3,2,0,0,12,211,0,0.0,6,0,3.718820330958939,bajo
0,2,0,0,1,11,172,0,0.0,0,0,3.0148559610443137,bajo
0,0,1,0,2,13,139,0,0.0,0,0,3.210384477550743,bajo
0,2,2,0,1,10,79,0,0.0,3,0,0.7120818857734245,bajo
0,3,0,0,1,19,149,0,0.0,4,0,2.5326142367634814,bajo
0,1,2,0,1,16,13,0,0.0,2,0,1.3151258115637643,bajo
0,2,2,0,1,18,154,0,0.0,4,0,1.9656845154880167,bajo
0,0,2,0,1,6,130,0,0.0,3,0,1.6349171256836528,bajo
0,2,0,0,1,11,109,0,0.0,0,0,3.0148559610443137,bajo
1,3,13,3,3,6,73,0,16.666667,2,0,4.348644808847372,medio
0,4,0,0,2,19,227,0,0.0,5,0,3.7215504196677585,bajo
0,0,2,0,0,3,72,0,0.0,1,0,2.800209269853902,bajo
0,1,2,0,1,7,7,0,0.0,3,0,0.9449487820501029,bajo
0,2,0,0,1,17,35,0,0.0,0,0,3.228912875358428,bajo
0,0,0,0,0,15,71,0,0.0,1,0,2.3804249360205523,bajo
0,1,1,0,2,5,105,0,0.0,1,0,2.2931707915958444,bajo
0,0,1,0,1,8,111,0,0.0,1,0,2.3457963792676875,bajo
0,2,0,0,0,11,192,0,0.0,5,0,2.414376119453661,bajo
0,0,0,0,0,8,145,0,0.0,0,0,3.2601509628396914,bajo
0,4,0,0,0,17,205,0,0.0,3,0,2.7167530915961904,bajo
0,0,0,0,2,11,128,0,0.0,4,0,1.7728254005091277,bajo
0,0,2,0,2,10,213,0,0.0,5,0,2.6455519854247846,bajo
0,2,1,0,1,12,163,0,0.0,5,0,2.414464259260142,bajo
0,1,2,0,0,7,165,0,0.0,0,0,3.0870016113033905,bajo
0,1,0,0,2,14,113,0,0.0,1,0,2.0017915088771554,bajo
0,3,0,0,2,16,6,0,0.0,6,0,3.8375344222825634,bajo
0,0,0,0,0,18,74,0,0.0,3,0,1.846753736120113,bajo
0,1,2,0,2,6,176,0,0.0,4,0,1.6887061241472299,bajo
3,0,2,7,5,4,89,0,75.0,3,1,6.972472442409038,medio
0,0,2,0,1,3,81,0,0.0,1,0,2.800209269853902,bajo
0,1,1,0,1,8,231,0,0.0,6,0,3.461334753733443,bajo
0,2,0,0,1,8,176,0,0.0,4,0,1.5656886663524763,bajo
0,1,1,0,0,15,24,0,0.0,6,0,3.482013086418556,bajo
0,1,0,0,1,5,230,0,0.0,5,0,2.6691405933916585,bajo
3,11,5,7,0,13,186,1,23.076923,0,1,10.738953533552667,alto
1,0,3,6,4,1,209,1,100.0,0,1,10.824873536440387,alto
4,2,6,1,1,5,296,1,80.0,3,1,5.489699639618769,medio
0,1,1,0,0,15,164,0,0.0,1,0,2.061622191580322,bajo
0,1,1,0,0,8,174,0,0.0,0,0,3.035201391224735,bajo
0,3,1,0,2,12,218,0,0.0,6,0,3.716930249799373,bajo
0,0,2,0,1,3,149,0,0.0,2,0,2.2276194406761833,bajo
0,0,2,0,1,8,76,0,0.0,3,0,1.4092204790723117,bajo
0,0,2,0,2,11,130,0,0.0,2,0,1.4879790911201904,bajo
2,0,4,1,4,3,365,0,66.666667,3,1,7.728140958474912,medio
0,0,1,0,2,17,129,0,0.0,1,0,2.532870521135891,bajo
0,2,0,0,2,8,65,0,0.0,0,0,3.084348542691248,bajo
0,3,2,0,2,19,230,0,0.0,0,0,3.670140135027283,bajo
0,0,1,0,0,3,236,0,0.0,1,0,2.7976986583432826,bajo
0,1,1,0,1,3,178,0,0.0,0,0,3.3965872011775264,bajo
0,3,1,0,1,16,233,0,0.0,2,0,1.9883592281267353,bajo
0,2,1,0,2,15,237,0,0.0,0,0,3.104303049467434,bajo
0,1,2,0,1,7,177,0,0.0,1,0,2.1032928153556005,bajo
0,0,2,0,1,6,175,0,0.0,5,0,2.837157086889821,bajo
0,0,2,0,2,3,197,0,0.0,0,0,3.5981815179391607,bajo
0,2,1,0,0,13,159,0,0.0,5,0,2.435373832975031,bajo
0,1,1,0,1,8,69,0,0.0,2,0,1.1080729315943405,bajo
0,2,1,0,2,14,114,0,0.0,5,0,2.472519124499704,bajo
0,0,1,0,1,3,199,0,0.0,0,0,3.5962280328086877,bajo
9,7,6,0,2,13,175,1,69.230769,1,1,12.426253388473311,alto
0,1,1,0,0,4,96,0,0.0,4,0,1.9617120382969124,bajo
0,2,0,0,0,19,2,0,0.0,2,0,1.8798777435491147,bajo
0,1,2,0,2,17,230,0,0.0,6,0,3.5927099623176773,bajo
0,2,2,0,1,16,34,0,0.0,0,0,3.1614634024221853,bajo
0,2,1,0,0,11,142,0,0.0,0,0,3.011523053105935,bajo
0,3,0,0,1,18,145,0,0.0,3,0,2.062163573781903,bajo
0,3,0,0,1,15,31,0,0.0,1,0,2.5511648553529045,bajo
0,0,1,0,0,5,49,0,0.0,3,0,1.7674193791389354,bajo
0,0,0,0,0,7,189,0,0.0,4,0,1.9671900412681993,bajo
0,0,1,0,2,6,94,0,0.0,6,0,3.7501921784591143,bajo
0,0,0,0,0,3,122,0,0.0,3,0,2.07756845444939,bajo
0,1,0,0,1,15,99,0,0.0,1,0,2.0664877031505386,bajo
0,0,1,0,0,10,28,0,0.0,0,0,3.2007867087891713,bajo
0,1,0,0,2,18,228,0,0.0,6,0,3.66326213267897,bajo
0,0,2,0,2,18,237,0,0.0,6,0,3.8483125791832093,bajo
0,1,2,0,1,5,12,0,0.0,5,0,2.6680105533740224,bajo
0,3,1,0,2,14,61,0,0.0,1,0,2.4950259658913687,bajo
0,3,1,0,2,16,131,0,0.0,3,0,1.8170150071327107,bajo
0,2,0,0,0,17,188,0,0.0,3,0,1.337620128872049,bajo
0,0,1,0,2,4,86,0,0.0,0,0,3.5080180305711255,bajo
4,2,8,3,1,4,330,1,100.0,2,1,7.653245866274911,medio
0,0,1,0,1,12,88,0,0.0,5,0,2.6353398313970002,bajo
0,4,2,0,0,16,215,0,0.0,0,0,3.9479577754059934,bajo
0,0,2,0,2,4,21,0,0.0,3,0,1.919269112813595,bajo
0,2,1,0,1,13,116,0,0.0,5,0,2.435373832975031,bajo
0,1,0,0,2,16,46,0,0.0,0,0,3.1177249651272576,bajo
0,4,2,0,2,17,58,0,0.0,6,0,4.333561780559219,medio
0,1,0,0,1,11,220,0,0.0,3,0,0.4147681729587757,bajo
0,2,1,0,2,11,40,0,0.0,0,0,3.011523053105935,bajo
0,4,2,0,0,18,109,0,0.0,1,0,3.3780944358849605,bajo
0,2,2,0,0,13,87,0,0.0,0,0,3.034014551394856,bajo
0,1,1,0,1,3,128,0,0.0,0,0,3.3965872011775264,bajo
0,1,1,0,2,14,39,0,0.0,4,0,1.425130599897059,bajo
0,1,2,0,0,13,82,0,0.0,0,0,2.9874020849264014,bajo
0,1,1,0,1,17,157,0,0.0,0,0,3.1819993571882406,bajo
0,0,2,0,1,3,238,0,0.0,0,0,3.5981815179391607,bajo
0,2,2,0,2,17,156,0,0.0,6,0,3.6315613659127117,bajo
0,3,1,0,0,15,94,0,0.0,6,0,3.789787042289513,bajo
0,1,1,0,2,9,77,0,0.0,1,0,1.9709208459485401,bajo
0,2,2,0,2,15,238,0,0.0,4,0,1.6090141895445484,bajo
0,1,1,0,2,19,93,0,0.0,1,0,2.47225918254529,bajo
0,1,2,0,2,16,216,0,0.0,1,0,2.1467276219256375,bajo
0,0,0,0,2,7,198,0,0.0,3,0,1.514929319747312,bajo
0,1,0,0,0,5,71,0,0.0,2,0,1.549139781745662,bajo
0,0,2,0,2,10,168,0,0.0,6,0,3.609360126026734,bajo
0,0,0,0,2,9,231,0,0.0,5,0,2.6732488955601266,bajo
0,0,1,0,0,10,81,0,0.0,3,0,1.2682211193911181,bajo
0,2,0,0,1,8,129,0,0.0,5,0,2.500612227664519,bajo
0,3,1,0,1,18,169,0,0.0,2,0,2.2100819266507465,bajo
0,2,1,0,1,18,47,0,0.0,5,0,2.7661420707458526,bajo
0,0,0,0,0,17,109,0,0.0,1,0,2.5368323640507144,bajo
0,1,2,0,0,9,177,0,0.0,5,0,2.396701277690099,bajo
0,2,1,0,0,9,221,0,0.0,5,0,2.451692461026577,bajo
0,1,0,0,1,12,20,0,0.0,1,0,1.929625892042424,bajo
0,0,1,0,2,5,2,0,0.0,4,0,2.167624754516009,bajo
8,4,6,3,4,10,85,1,80.0,0,1,10.324229851237972,alto
0,3,1,0,1,13,106,0,0.0,6,0,3.7305466796393927,bajo
0,0,0,0,2,14,87,0,0.0,1,0,2.3244828873899546,bajo
8,1,9,6,1,9,297,0,88.888889,2,1,11.317616593177684,alto
0,0,0,0,2,3,214,0,0.0,0,0,3.5990195095907698,bajo
0,1,0,0,1,4,99,0,0.0,2,0,1.7162757811469291,bajo
0,2,0,0,0,13,184,0,0.0,5,0,2.4394940198318653,bajo
0,0,1,0,1,5,166,0,0.0,2,0,1.9431418233590472,bajo
0,1,0,0,1,5,151,0,0.0,0,0,3.2224921919141236,bajo
0,2,0,0,2,18,24,0,0.0,3,0,1.5149656742549158,bajo
0,0,0,0,0,6,89,0,0.0,4,0,2.0624769130500447,bajo
0,0,2,0,2,7,205,0,0.0,4,0,1.9656564969721344,bajo
0,0,0,0,2,7,40,0,0.0,4,0,1.9671900412681993,bajo
0,1,1,0,0,7,182,0,0.0,2,0,1.237296614619678,bajo
0,1,2,0,1,16,10,0,0.0,1,0,2.1467276219256375,bajo
0,0,0,0,1,5,175,0,0.0,4,0,2.1722528496578213,bajo
0,2,0,0,1,14,58,0,0.0,3,0,0.8700171605418374,bajo
0,2,0,0,1,14,147,0,0.0,6,0,3.487401812128827,bajo
0,1,0,0,0,14,167,0,0.0,1,0,2.0017915088771554,bajo
0,1,2,0,1,15,204,0,0.0,0,0,3.0610583976722188,bajo
0,1,0,0,0,9,184,0,0.0,2,0,1.0127836713500054,bajo
0,1,1,0,1,8,184,0,0.0,0,0,3.035201391224735,bajo
0,4,0,0,1,18,37,0,0.0,4,0,3.075949700554149,bajo
0,2,2,0,2,18,80,0,0.0,1,0,2.412468086052777,bajo
0,1,2,0,2,19,2,0,0.0,5,0,2.8234223026614975,bajo
0,2,1,0,2,9,158,0,0.0,0,0,3.0448218902114568,bajo
0,2,2,0,0,19,107,0,0.0,0,0,3.393012083661917,bajo
1,6,0,2,4,8,202,1,12.5,2,0,10.413070311655453,alto
0,2,0,0,0,17,116,0,0.0,2,0,1.562452077055466,bajo
0,1,0,0,0,17,48,0,0.0,3,0,1.2282322777514678,bajo
0,0,2,0,1,4,30,0,0.0,4,0,2.2931244497486416,bajo
0,2,0,0,2,11,149,0,0.0,5,0,2.414376119453661,bajo
0,1,2,0,0,13,72,0,0.0,2,0,0.9695098521738285,bajo
0,3,0,0,2,13,18,0,0.0,1,0,2.462302747886784,bajo
0,1,0,0,0,8,40,0,0.0,6,0,3.464234929080142,bajo
0,2,1,0,0,9,127,0,0.0,0,0,3.0448218902114568,bajo
0,2,2,0,2,10,117,0,0.0,2,0,1.0766101875692515,bajo
0,3,2,0,1,12,47,0,0.0,6,0,3.718820330958939,bajo
0,1,0,0,0,9,4,0,0.0,5,0,2.3979591758112506,bajo
0,0,2,0,1,3,36,0,0.0,1,0,2.800209269853902,bajo
0,1,1,0,1,15,44,0,0.0,4,0,1.5146614833099379,bajo
0,1,2,0,0,7,81,0,0.0,5,0,2.503883888788259,bajo
0,2,1,0,2,12,11,0,0.0,0,0,3.0149265461866466,bajo
0,1,0,0,0,4,126,0,0.0,4,0,1.9668247221486121,bajo
4,3,4,7,1,6,15,1,66.666667,2,1,4.276854312181185,bajo
1,0,0,4,5,1,28,1,100.0,1,1,10.731994572911224,alto
0,1,1,0,0,13,236,0,0.0,1,0,1.9505842109171936,bajo
0,1,0,0,2,7,111,0,0.0,1,0,2.1047260775460797,bajo
0,3,2,0,2,16,153,0,0.0,2,0,1.9918902058488732,bajo
0,0,2,0,2,10,63,0,0.0,5,0,2.6455519854247846,bajo
0,2,0,0,0,9,30,0,0.0,1,0,2.0457975042764045,bajo
0,1,2,0,0,5,180,0,0.0,2,0,1.5471919302436203,bajo
0,1,1,0,1,14,192,0,0.0,4,0,1.425130599897059,bajo
0,3,0,0,0,16,139,0,0.0,3,0,1.8225336492370787,bajo
0,1,1,0,0,7,88,0,0.0,0,0,3.084724424662568,bajo
0,1,1,0,2,10,192,0,0.0,2,0,0.9297108382958977,bajo
0,4,1,0,0,19,237,0,0.0,3,0,2.9074638143643146,bajo
0,1,0,0,2,9,57,0,0.0,6,0,3.43201739806547,bajo
0,1,2,0,2,16,70,0,0.0,4,0,1.6286045655544235,bajo
0,1,1,0,1,6,167,0,0.0,2,0,1.383790905790675,bajo
0,1,1,0,1,5,199,0,0.0,3,0,1.3144275609556417,bajo
0,4,2,0,0,18,71,0,0.0,0,0,4.0641432429012845,bajo
0,2,2,0,1,12,39,0,0.0,5,0,2.4173729193743667,bajo
0,0,2,0,2,6,33,0,0.0,5,0,2.837157086889821,bajo
0,1,0,0,1,10,222,0,0.0,0,0,2.97809829805218,bajo
0,1,2,0,2,8,82,0,0.0,1,0,2.029966348565721,bajo
0,0,2,0,0,6,107,0,0.0,4,0,2.061014270326245,bajo
0,1,2,0,1,11,194,0,0.0,5,0,2.354253123765366,bajo
0,0,1,0,1,8,194,0,0.0,2,0,1.6198385939617992,bajo
1,0,9,1,0,1,305,1,100.0,1,1,10.716468492126527,alto
0,0,0,0,0,14,207,0,0.0,1,0,2.3244828873899546,bajo
0,3,2,0,1,16,7,0,0.0,4,0,2.2114301985050604,bajo
0,3,1,0,2,14,31,0,0.0,2,0,1.829281549673233,bajo
3,4,6,1,1,4,66,1,75.0,1,1,5.364807654932095,medio
0,1,0,0,2,9,54,0,0.0,6,0,3.43201739806547,bajo
0,4,2,0,2,19,156,0,0.0,3,0,2.9098797232734226,bajo
0,1,2,0,0,7,12,0,0.0,0,0,3.0870016113033905,bajo
0,2,0,0,2,10,195,0,0.0,6,0,3.452264958838588,bajo
0,0,2,0,1,5,83,0,0.0,2,0,1.946754817065324,bajo
0,1,2,0,1,8,121,0,0.0,4,0,1.471284039373587,bajo
0,0,0,0,0,3,174,0,0.0,3,0,2.07756845444939,bajo
0,0,2,0,1,13,178,0,0.0,3,0,1.2976794358727115,bajo
0,4,2,0,2,19,19,0,0.0,0,0,4.135704383948346,bajo
0,1,1,0,0,12,228,0,0.0,1,0,1.9244143828148301,bajo
0,0,0,0,0,6,174,0,0.0,0,0,3.3638721660790667,bajo
0,1,2,0,2,7,177,0,0.0,0,0,3.0870016113033905,bajo
0,0,1,0,0,7,169,0,0.0,3,0,1.5082856086875975,bajo
0,0,1,0,0,6,72,0,0.0,3,0,1.6306133311652329,bajo
0,1,2,0,1,10,67,0,0.0,2,0,0.9372387182168588,bajo
0,3,0,0,2,19,39,0,0.0,5,0,3.1962189201395117,bajo
0,1,0,0,2,10,91,0,0.0,0,0,2.97809829805218,bajo
0,0,1,0,1,17,130,0,0.0,1,0,2.532870521135891,bajo
0,1,0,0,2,15,116,0,0.0,0,0,3.0620433877291204,bajo
0,1,1,0,1,4,136,0,0.0,2,0,1.710414332989397,bajo
0,0,1,0,0,15,43,0,0.0,5,0,2.7371392677354653,bajo
0,4,2,0,1,19,86,0,0.0,3,0,2.9098797232734226,bajo
0,0,2,0,0,5,227,0,0.0,3,0,1.7713908190559697,bajo
0,4,2,0,0,17,149,0,0.0,4,0,2.991578509910138,bajo
1,12,9,7,5,12,62,0,8.333333,3,0,10.280278219267354,alto
0,3,2,0,2,12,89,0,0.0,3,0,1.5571072905716568,bajo
0,0,1,0,0,7,55,0,0.0,0,0,3.303267507312399,bajo
0,0,1,0,0,8,234,0,0.0,3,0,1.4042251196146849,bajo
0,0,1,0,2,4,44,0,0.0,1,0,2.68336583822424,bajo
0,1,1,0,1,13,8,0,0.0,3,0,0.5233223647532526,bajo
0,1,2,0,1,9,36,0,0.0,5,0,2.396701277690099,bajo
0,1,0,0,1,12,152,0,0.0,6,0,3.4055227434880173,bajo
0,0,0,0,0,11,109,0,0.0,1,0,2.258095780183856,bajo
0,1,1,0,1,16,115,0,0.0,6,0,3.5310783599110644,bajo
0,3,0,0,0,17,115,0,0.0,4,0,2.306827049143629,bajo
0,0,1,0,0,12,161,0,0.0,4,0,1.7729454345091553,bajo
0,2,0,0,0,8,33,0,0.0,3,0,0.9362452591654976,bajo
0,2,1,0,2,8,151,0,0.0,4,0,1.5592612460677195,bajo
0,0,1,0,2,18,60,0,0.0,1,0,2.630841398078982,bajo
0,1,0,0,0,6,221,0,0.0,1,0,2.1940479073853805,bajo
0,2,0,0,0,10,140,0,0.0,4,0,1.4449628441788325,bajo
0,2,0,0,2,14,153,0,0.0,5,0,2.4765775149332034,bajo
0,0,2,0,0,9,25,0,0.0,4,0,1.8271693818682229,bajo
0,2,2,0,1,17,190,0,0.0,3,0,1.3353637762002004,bajo
0,0,1,0,1,15,175,0,0.0,2,0,1.663566628384707,bajo
0,0,0,0,2,19,232,0,0.0,1,0,2.7437569646183144,bajo
0,2,1,0,1,10,205,0,0.0,3,0,0.7021441732057004,bajo
0,2,1,0,0,14,71,0,0.0,5,0,2.472519124499704,bajo
0,4,0,0,2,17,21,0,0.0,5,0,3.5717297894063735,bajo
0,0,2,0,2,7,161,0,0.0,6,0,3.7005433640286096,bajo
0,0,2,0,0,7,133,0,0.0,6,0,3.7005433640286096,bajo
0,0,0,0,2,9,85,0,0.0,0,0,3.2258958565443105,bajo
0,4,0,0,1,19,25,0,0.0,4,0,3.1698985808584723,bajo
0,1,2,0,1,16,60,0,0.0,1,0,2.1467276219256375,bajo
